c657dc0bd1f822f8ff7104a1,27.87450492291756
5ab5a95be3c18dc173fdc18e,28.570656667882822
795996ed006725199e5efc0b,28.636331583459107
ff6946553173184eae036062,44.086076776757665
95e1416bf854594d6716ab25,30.27603674221318
29dbd8d2300642cfd31b4604,60.87585133025094
1d887341bdf775c49d8a0c30,61.986805632316376
77dda6054a517033716f00ff,40.20575632916221
8e4cfa2df03c1076ff189821,23.559459168685844
51846fccdf380d6f09a9699e,13.730049088726249
d6a9e1b6f405e3e061bbc394,27.150915755970804
2dd0edaf5ee6e907b6b87897,43.183994643503794
97bea51b250b322aa61f3212,51.68485785821982
22412ee63a0ce39325b7f1a9,57.74957908522586
5c0a7081614734384197a20b,33.6680112872751
e9b2261621783f80b4cb72ea,35.20425440047598
02c69da592e90fbb6f731541,57.65468103012329
d58123ff532d0ac98037bfa5,36.38152580740426
807b8bf20474fed92b2f7b2d,40.132107078735
7a51d406a61788b58f00654b,54.606795242455604
deeda867a81f10037eaee380,33.759022307392925
5cf95b3c90b285622e516e64,25.609596462103873
8ed3496ac812389725ed2060,44.89918574548141
89d3e6cd16abec7b538e75bc,54.13234234579872
ca8e4f72fb82d5b598a0c131,0.0
5cd3f6666e7920b7ca725490,34.94980994057149
594d085d0b23f685970139d6,52.07365418757486
a89c3c861f5a57a9ade64d27,33.34893371218551
1255127ec5a5db705458c36b,54.152608977954756
f0272f04b8f0e9aeae54ec31,61.47693991060144
3d396cb13ce260fca38b7635,35.5439585305499
fae705f0a7386ce12e070228,39.35642534506142
0f805fd6742e639370f6e6e6,32.80785262275282
52a29beae465afea1dcf9bc1,60.393863173648924
2d84faf896231f94341f20ac,50.19665086163345
406eb6b2215b3e7318fac336,34.325487651681335
814151588161f46e55aa867f,36.57534857086955
72d4a0f9223d8367187b1bcf,30.393075066713067
8e98d43842f6c556ab0d579f,37.61362647573617
134164ae70296696c728d777,34.784149705755055
760358d2e31daf5445893b4b,45.394782313802175
6a9057199e764484cb014bda,23.679329017750945
a64d4113468855bd15f70d16,46.703361648021875
7253b96c3236af5867f5980a,32.33520125933457
7090f27538cef83d0e073b76,35.9549708305805
8df6136ed4fd33771cf26205,36.882268577192846
eb0a454e2f81a918902ec8b6,55.12271772607391
48cc7fa1e7b72963a43caabf,39.085662576182365
0e947e60750cb377dc6a7780,38.10755646672622
5a61d6b195b7894cabf2005f,29.179071218215093
58f8fb1bd72ea866b69fc20f,59.71147585609397
6eca6856a3d488dd1ba7625d,41.97157370815129
769fdbab03f640bb04f9baff,52.0151849400777
47ab392bbbe73c87627abb5b,41.5635303129645
918e989828e9173348d712ee,28.271120294365453
440e71a59c558a99469f38b3,21.40123946307456
e78c9a7a111b79eb34662c2d,29.65180144450289
e0fcc2e69893d04370cadcd9,36.41976099293632
68a1918781a3894dc2b00ce8,43.2396047272552
eba67c42ed61380136d82a3a,61.4789903050458
148133b7eecef2eecffc4799,26.667607573026864
bf54e742997b70d8c40f51ca,33.37819903315202
12af34c2bb9f504ce93a850e,58.31659235722497
278231192ccc0b66774a8637,54.72948013337887
c66c9f875760b1dcb0960edf,57.502460190452524
c65e4791ac98783c679bb8b1,58.83538941988905
f771e545d9294ed64af408c8,36.43245743834885
f47bbb1f66c1415fe69dab61,50.56327510663817
886ae67baf1794926c66dae8,23.27813527811483
c06ddba90a6f952b52e50138,35.32091093703735
3d100129795fa5524ce3b65e,32.88159282967732
9c91fcf7758fbf79522d90a5,59.99653174254428
cbec75dc6e3752c9e2e34bef,35.47638220149835
eefaa3ab6827a5adb315df87,51.64171854012239
c30b901092248bc6906c17b7,56.332163183630485
aeb1ad98386d71e6db4b8129,38.70738010462708
a3275271e3df6084a762fcf0,37.30006658360112
558e18e3a3241143e0d4d650,39.27049097996511
da6c3f0c62fba94dbb752a4d,47.126872098982865
454fea627ad84956d8c1ae61,58.0767533076666
78efb747fb54f8a626dd4d84,42.92217632034828
aaf2c612cb68642efa4289a9,33.93888550156698
52a634dfb43a96998294ab65,59.50133270597522
e5daf80b17c3704b9f001945,34.18758608434239
32c4f6b65120e449815e15e7,62.07565938459624
dbf72c5a910c12d897a32e41,54.30648222905141
e05dc8ba6a31805af828a8ac,27.875322290030436
5a8e46fb8fedb9f0380c2669,29.363466056908702
9d2fc5e4305829596cc2e438,31.806832273861108
5cce534c9bb4f8fd6b7b893f,45.248182981265835
3845f846affeba7f233b3cba,34.55715938644256
eded6c4c62c7cee0eff9d5e6,61.33129492782382
4277c59a450544284dd88a6c,29.568949912119777
3ebc3c5c7da93d7d6f136911,42.31848498543396
6a143e15ac868db59cbc471c,43.5736328202887
c55d30f9d94883cc84fe1085,26.224975447387678
ad3d8d40f47b7652c52c429d,63.01703675056413
de3257fbd48bb06ecec01c3f,40.980477514551886
1298a3bd86cbaae7fd116631,42.76501755105406
20188397edf47edd45eac2d6,58.95929136442018
3e122f91e9cbbe81c0de394a,37.414353903567694
43ebf2f77e73b00b965038f2,30.898831788693602
d21088c5deb01b3937fbae40,42.863580590386476
d71af8607a921d8f9063d51d,51.03992440103028
a0a51a3fd86207806f0d369c,19.397243564779135
381e7b40d12fe0f903084936,49.86509302477948
b140035826c36bafb6a692aa,49.74462975118066
d8e5c7377aef683d21069ebc,27.32606485657931
4a0ea920262856937fc8abd5,53.40773697058827
668022ed95bd3301650af0fe,64.83218587069963
23138090f018b8efabf3d34a,42.30299463669678
bd19318eb3345bd7bc35147d,46.97670435847692
cf19b937f260a2217f247726,61.330110731317276
699759f01eeaa4d29289769f,35.46138449285521
15ecf191ca865e028a214ea9,56.406446348055255
5c9a976914d09bb4cfa7a753,63.071693343414616
634dbb34b86993a9f23de2e1,27.49634790324858
4a18e04faed1fabb4f173f50,26.43240918906318
34929926fce4b75d199ed172,38.40009329953504
3566fc38c2b7de55dda2694e,59.093560935029025
bda8880dd38703d7636b0d35,70.11494236886949
196efb924419f2a108d00e4c,47.69696953493424
3af14c14dc0978cc87236cf7,76.26131660185379
22c069f56df48764005839d5,66.43493594131621
0fcaae52291c6b452fc9aab9,35.39020184697772
4ce25fdb7c8857563c62bd6b,47.042281098735586
a3b78d7d2a94d61836b0ed9e,44.356797689640125
480854fa6e19254c1cdfbeca,40.73354003767173
60ea7ee34bad41f1cb6c06b8,38.708724116550954
0fec7055fb3acfd0333172ee,40.35084207863216
69ba7099f8d69587e5f0f9a8,34.00519735643415
85cfaeea2bc7e759bfb3401d,44.72633676029855
69ba6356a72481b60b741d75,57.24995910094733
439f377c5730b261e50986b1,42.43686430924928
72c845689517dfeceff813e6,37.09274031388893
8628a83658e553785669f9fb,51.42419070920838
836b8ffc42cfd1b44fc5f2d3,35.15088747460674
44140dd548cf99a06f3760b2,59.02838660130411
98361900025af1e8f9cabf82,69.75876542508163
e56bcbf73ac926fc50f634f8,35.94105221050896
be2dadd90d77266b4c687e6e,45.39903725194618
d76e76f70015acc836f810e4,69.58081084115128
86ae26307d103d02e7f43374,43.501092698873876
2573db2badff1f85ff90353f,29.89084993856799
e27139a212fd085938642b9b,51.76720829709118
3618173b14453875ad4e835a,41.291243527663205
f0724d953991039d1719fa52,65.61907833453412
930b1cd66108d3b9916ff69b,38.31729498288178
1955c093f35379274b993f92,39.24716826896594
9a7307ecf1e52a7ab829ecb1,39.60223739709228
ce17b6b998b4ab28dc0d78ef,29.779207465575666
200eb582c10be606ca974f10,64.79682573306407
76af6c92a8b9b97876c68199,59.70243385405262
948df368ecd2c56cfd040ddd,65.8368831451071
606712b2591935062176077c,57.62842794771581
58f2bc328c74feb558672d70,62.38064209325361
ae34facca35c3bb972593d73,57.453126215499964
220d609465fbbaf33ec3c90e,36.91770180107697
13750d0137d1922d46b1115c,42.389660349445386
62ee715aa90f4bd0e526ade7,60.26033551721178
625fef26177130ce36b3091c,38.49724287748522
05e7a5595e36b6b6b1a2fc0b,41.277946237998265
0d5f9417d52a0173284a4afc,45.44066650915834
848eebe031225fa98d07c130,39.98952322808776
34ce373fb7035f31d87cc70a,48.2601713972103
5d9c52c4f6a95bf815bf9f9d,34.59702427251077
aaa6028b21666bd2852860d1,68.89678655944243
dc38b97aea0c3e107db17a2e,48.3705424073052
af48e93d9f636f2127e403d5,37.549679761355435
eb52ec7f9a575e8487224b3a,32.36889041299626
9e199f1dc4c7bab7e40b58ef,45.38594678496358
416aca7199b561f0b928dd2a,54.77131054580809
f0a1ad503f20393c83e58d3a,45.96781619775158
9d278dca79e6d94840318f0f,67.37994519811892
b845b1585e464c3133562663,32.79493289375173
0cd182599e709e92d564cbed,44.337829708268664
4467dbb438cafd796d47c782,36.871055048909724
4f310e25e331034a09dd8b85,59.56508480443311
ff0fa5849212aff1f7634785,18.077298970533622
65464fb74b50614d0a0a91db,40.791096107747364
f3a9e468dfeabf2637f1de45,43.29188418684234
4b20b038454ed66190415090,29.468141799722837
56bb03c5ab676e02cfb53296,38.031972566225946
331a3f3648e79f02ffeac8da,53.363455925365386
1221e08b0861666c281b9a7b,32.4463789390983
e558f6feadc490a4cfabb60e,26.971432713990747
53c9affe312538e3d1053856,60.92186477251707
06957dbcee3208b0e7d1b919,33.51021634751816
e679f1e2fa158b4dd1d4c30c,29.48406988152078
2e9d89b3d46e66719ccf0d30,27.83132496025949
ddd796295599c7c33d3c7bfc,63.4578129604268
9837ed31e3e40546f4e26dfe,54.602545527199595
bd2f3d767ccd61c0b1b3aa60,47.27910587827902
800184203df11d845faf753d,49.0718640655451
786ef222c93181cb77200d95,56.336784195386244
bdbcdc16fe3c87c9f0c322c8,42.059231287518415
428f0844b9123fb5612bf9e7,60.15091123792453
f231ab0024fa0fdd8adaffbc,38.77865835484104
4cce0cbf0b813bd33e4e684b,39.29507953438808
359d6fe1aec5e75f7be2c2ab,33.21407084659827
1e7cffb7bbb8c72646c5a2a2,28.515067673225737
58485e4f70961c07fb6e1fef,47.54393414699369
bdb5e6ee9b8fadba82b5c4b2,37.15345051560279
a1981ab7835d19a8a6fc85d3,30.958311549727682
cf5b032485382b0e3a512052,39.670506981675224
80ba124a6b16d373fe4b38ba,62.51370450692173
03622d18ab7787dfd7c3c629,42.929643750986074
c29be37011b2d58acac8d44b,38.72749556586608
e2b7f913196a888762e3f01b,29.765953639828375
67cf28d9496bf635592a8891,33.870861553070625
bd7635c52642e8fb6482c038,16.704055993678672
021ed8e9c68be5ef0de420f7,38.535631436969
8e4517e4bb82f4760af0bc1d,64.79928917048795
a3249bf9afabdfe35ddc9ba7,47.43167256339453
1a9306d20fb744780b04ca80,43.96123916310548
29bd082d36ba6f928d3d0bc0,64.49284677320111
45d1ae259a2b9c87ffc15ed0,30.27790355926589
34248b003ba1cfd3b4e84749,39.806523113552146
b30db97bb2b0e015a9d706f3,35.58249858099735
ed9064631a4c8301ced69701,24.52754242651098
c0fb367a8074636ddeee5ac2,54.94533753073908
e166ececec0ae0812b3b560a,57.11363925426268
818a44c6166f92cb54d5340b,43.373314084403624
6f5fa01db0662a90d62d7686,57.33332896873102
549551f22d20f4e42fbf9ca4,25.2075982457211
3ab6ebe906150fcb15d6f76a,40.22476036795784
91fc018f8874058c8216431f,48.503418880627436
55bd42da64b5e32d02aa5b36,39.68078831927711
b81f0a970d4f639e2fde98f4,46.89698296221027
193a42d31762786e8061e745,34.52633405593351
6e149e0794179dbe3035bc05,57.953130342931495
26ea776b6d7f200f169f3e0e,30.87703981960907
14df0fca229fb9d3aabed097,57.81870278273067
eb8547ba88b563eb876f3bbc,38.434659058621094
e1b864cdbfda8a6cf03b2bae,38.1629991780792
073fa5c0744beb490262dffb,44.887764362485996
4205e8f9a0d0b620fe2131e7,35.15417904714667
1e9cef9bff542b23fe34c9ca,64.63503445867296
1c5e50e821f6e2c5702f80b3,62.438955208864364
09220d6f81b3c95686dc7a3a,67.42544353556724
bf5bd6a0fd96a5a0bf7a1d90,52.10795900547073
cfd995389ec0f9d8196d6d1a,43.03559791038725
156cd925737e1c400ee67633,61.527729576746474
029ec6f392aad400c28ca6ea,61.998004852353745
dba2c150707f5509fe9be418,44.928386423136146
1df1225b370524fc3d5d5210,71.06904101854155
2888b8bf6459a74fb1712583,55.8801461708832
04debc30a634ac625fac9998,46.53886632351641
e51577db7b72a64f7d5513b6,35.646948248201205
774327c8370a9a1e6245d27a,62.010997688376555
d4161b017636a0098b462b91,53.630570859305706
1cc1a4731cce66334fe33a30,37.43987028264909
cb90114499db5c967895f57e,59.102377782440065
d7b9487afe988dd7e8de5745,57.0571000495274
2939c120956e9fb7c7f86219,33.00609672375526
06304d643cd8e6f803f6666a,38.2986089603821
fa3621fc48b98567c9b99df6,35.0590726038609
87ff5bb62d512e3fd72a994c,37.015382915478625
06d70804722c0ef38085e272,45.89733833295845
d0a1c774260c4362100b4601,35.95580317813833
cf5d8c2863c37b0fe81d7731,48.46246546477341
b848f7fee55f8ee7f27cbfb1,45.64731185280053
b0bf147c2c6c73e8326123d0,44.99668897455082
e57abf957ad68181f734b9b9,60.603704916523256
af74ce7fa5d2c749fd22a137,63.196978649817076
c07814011081ed8a16dc3dee,36.5736315861933
2c3adf9267f19066addb3c84,41.506801564399055
f3ce9b8bb05f4b968f38f024,25.574211922773856
0d257c10532e36390e816690,42.19564608501263
be23350683a6ec1d0bce01cc,43.60616529707748
fb0f295ac22b416a7e3514f7,48.03226286821616
0d4185fb0cbccbd1d9345e01,29.131357804590575
59993c41bca84baeae14a422,71.59419216743255
8510165dd8ea85367541327e,44.43204005123703
6e534e0872992e02a0c7bbc1,30.354043464958977
6eaa38044c16c5b521e7e879,62.41796754617731
32c1d43162b3927b06b1b029,39.1048313519192
e9f94fd5952bcdde59b7f11e,53.04571071724547
e958cbd858035cfa0815fb9c,61.85926531518619
162cabb56a01f40e35bebf86,37.47574110717718
7b37cc4398f0e68443cd4a67,58.70707643232598
b66c225fff5eab57ddcda5d7,37.513868058381604
f8519f563d639487a8ede6dc,33.13564406363146
397995f48a8a9fe055c69677,51.93543397478027
83bc3cf692cf167129806803,39.61847679152287
2c9c502c39a308ff4193d3cd,44.288961580116755
0d19ce5b86d64ee39dd65977,34.90750414976425
f6eebddb9905fffdb1b7af05,56.07162763746341
0201412499e1e7212340f13f,32.69046343881026
807c1e3d891d9cf463b423b2,62.6388362775751
89ad7dfdadb5cb2a1b90311b,43.630657016616254
af26de423646ff2035c45d9f,27.227680396743494
4fcddb1f085fffac31464340,40.15321850565082
21ffc1d6315df5f96105c4de,61.640209284037994
d17cbf345ddfac26fc30c5f2,30.424869978809724
c3e806b844ab01a1970e4242,18.67331473022195
97f7de77cf800223f6922693,32.9771616888133
8b0e3326c2bb7c75fe10a1b5,35.920232864489066
5e3c03f3307a2601dc7ed79a,61.652399575198615
7071ae15a43ad97ced65ae1a,24.033083341709613
0205ca67893777f194bb3da2,25.967770249721273
5d9baf229eb5fedae7536a2d,55.55524510261374
e9225c1e4c6246502ff8470d,46.49457411820278
aee97bee781d08be457d65db,41.117762023790384
c7ba2c68fa5f7ad52600e1d3,44.18062810023112
2c39302f257a58ff74296702,61.185520031122664
ad9f62a21999b86018235743,44.58194423753612
ae75cfad7d97f3cc8ce59511,39.02028313514577
543a2b86a4bed1eb38745e17,43.849303236687696
966b9692e0736f1aeb6cc9b1,69.32828555167166
bdea89da62fba3b13cdfc899,41.6393090943739
a0bb346bcee75e2e42004294,60.749299330153974
2c183a16a702dd13d7051605,55.67404613622409
f5f2595b5396fc01df219cf7,50.683147562373804
0482ad6fa398c5943312d1e1,28.309922351276153
b546ba641a6a946fb8721c85,71.48505569360309
2b70b6db96b6b38094fbb3f5,62.053754063419575
8874889dab825e8926410a0b,42.82614712165227
5db24066fe0e9118d9dfbd1e,35.732155573365574
883c1f28b8d64aa7d2c01da0,51.37905856244147
19308480a8a54603acb6137c,38.78367198817101
304bc8d19835072fd7328ca2,37.366006830157595
f38b2e427f7e4982bab04935,35.95603545073533
ceb4f8a9ce4d8d7f23362bf1,61.24568228627567
7378c333f38fe288a30f86d9,65.47393529269804
36d523f2774e82c379c3c707,32.13585761223004
b93ba9c655b224d50a7c9dc5,51.23532605602968
d4d5b69f1a5d589ed99c48ac,34.46171292324559
73019bea4d7956ecd01079ea,40.61472537528198
90dc2a3daa1cbe42217f6a02,24.69702733318969
ec054438a3acd26eacd3c254,29.721219024545697
86119723164fd03f28e569ff,65.03812087484414
084a0a6658192f5b1167f0ca,38.38275281570077
35e92deca01caf216e5307e2,41.95520883331316
6faae7448b7a32f15762062d,18.668556027458763
7c0efab977e45c9d82953ae7,40.28348628943971
f54e2d7c815031226067662b,62.48066476138631
639e37be971a3d74f48f1243,24.55687753797114
ca7e0717924065623dcba048,34.7507266121831
643c61ce3be8e153b844c1c2,47.68987689177028
476d82a07212c17a556482a8,38.21579077735896
7bfbcc119d77299f9fb720c7,15.969157572419082
3695e20473a32cc67c98bd22,43.07409503072725
926d7e2673d7a9e70fa8a3f1,30.063142408530474
5f3163dd58a49663a38abe36,33.47806727678382
287a95f57f834198ca894a71,21.576617960040743
f94505076048218b5e026414,34.071181470540914
1234220604441331998b8c44,56.994216576288444
06004f39a042a54c08e20fdb,48.06004088050129
c638a72d32bacfb51154971c,43.613684719299115
e67d81c95e1896534243cd7e,44.150745732117336
2cc004edcb87ca84df7793ac,44.11635771926834
df7683ea93df1cf4e5a92dd4,24.71391355751281
c333ff8c5eb5ea18c9844f4c,47.192128077962245
f8dca9b30938b66ef811fbc0,28.633723793007874
465a263cf86333b742334d15,49.80391705983672
6cb249168492c6575b22a35d,66.29133782049806
91acd16fdbbf3074409fa267,35.43396233994373
201f18f5b58c5397da695406,39.24020709431919
7941b8908d6df559b11d9ae8,42.97985985036141
aca0dde9b0d9cc2addcc4e34,59.29535669474649
fa6319877311d877e07a78e5,47.12557288364793
c182e4fc95cb571d3beaba22,32.041809040539
14a6d101d74393ac30c21c59,59.90985833113134
4e9af9564052f1dea5de588f,59.904911029216365
9a3bfd5a3d4b406a25bbc55c,35.44404557837051
4bc5eb1c0b52e69c6d142acd,48.840423975487624
b0ec43c894cf1edc7765217d,64.33915906341606
20a3af90b297630e1b889555,64.97710688235395
a0ab4c0f5bba4504d3344be1,55.275749672919446
77145c64b2c007ed37dd5ca3,36.1231727229296
17e059c1a0f12ff0f746aa66,46.36632733602063
b9b28179bd94454ce5ff5c81,39.93111208312374
56a025174c20eb5cf7cac527,46.524525704293545
3ac237984aca11e0a9c23342,60.277292494048744
386b59dd190cda4c9812b2ad,66.15759731749569
0fb904e87fee649359cb1359,62.88451300698755
176e7479decd180db05198b6,37.69909599375677
c715fda3dff505244ac5fad3,46.73631908125576
205ae72fa43ad2104b2ecb2e,47.18079813404889
213f81824b65a1bbb68e8166,38.82667947594825
deacd521711fa512d3bdad78,75.060133289385
2981d85f57cf4a4500cca45b,64.62196979003008
ddc9f7ef2fca8a3813a63d15,46.810020002897936
83871684038e400d6abd5163,64.44386684047365
dc596889fb26fbe346518071,28.662979724783934
639b36c295713112c87fd0bd,42.93312506801169
bbf19c669b09c2aafc7448d3,37.196232996955025
b5717ae3dd50c2ba684816b2,39.080087073371544
1901b79154bf91f393c86964,45.8704857570134
76cf7b9b3e4886698551640a,55.80051272311208
9c8e737b8c607a45665ea0b3,38.86433262637213
762e9fd0dbe5c931ff550c79,26.397155462787005
6e5b4c51c038bbd6e18f57fc,17.407330434275536
aadc4edb21ba89f0b72938d1,70.80822429830826
49d38e329d2cdc37018cd814,47.12179694276034
adbf4dd3417644b53e739669,68.46318880074443
a3374c8eb7bd8efaff54b500,35.52407375982128
62b3b467b646145e169b227f,39.21921068085579
d0b07385506740ce6a94ccc3,35.94134757176764
9d01dd512096c9f8612733a1,25.056216983166745
5ab389ed7e8b6236d674eb59,42.13831296098251
e9d4ed6bfc0c51b805cdaedf,44.087048610957076
81d499cb14f494aa76d0c3f0,22.135818660029308
25c5356820751c5092dcffd7,54.72789325383687
679acd1b95fbc3138383da8a,53.33431072521406
dbcc50aea0ead1c7aa51111f,37.571304585391175
d87499a8f64ff082ddd68d26,32.13505639735167
47e0fe8bec8825fed7ca38b5,27.654998778493997
8d2cec5a0a377e3cee4b4642,26.450997732544074
2e79646327dcd9d02c339cfd,14.73597703247527
f5f83c8654271d4f8cc62616,49.42685716773836
46f8402dc68bc972c1b213bc,51.73606907765963
4cb1154c56d503d5606f4697,46.18874609798465
22c71be2d410c3370219cd70,26.467177931904008
2ad395aa5c641b995b8745a1,53.126534983947764
6d37ed88dc3486108e9546f5,51.53871615979874
5df1bb4a2ca46ed00250f39e,64.19621821339554
5c8d244ae8c0fec5e7692db5,36.23935223425012
91b162b70bbef8f6376f5fc9,51.343420574941014
393ab4d415e9318fd37f0042,7.347734251484512
2e69f880307314a57ce26105,21.985352708335625
fb1d7e346c0fab8e2cc26835,34.25299618694888
5ed8cdc889b2c845cc6e1deb,29.61695232851373
f2ed29d1fb3694dc475d7af9,23.56255629088477
6ef684f7a6dab61c51a7f33f,35.72137689565628
5642240c9865e9e256228510,68.55923704668348
f2a46bb83d2aa80ca1ab144a,60.6607505948802
27371db34daa9b0714208f0d,30.167250567812644
49ad5e13d4171b71e6756305,16.073551304480933
4e4620f16edcaa5eed3ade07,50.26436405752254
d0f684972cd028a312abb9bb,43.39951327605281
9036908d86f61104ace01829,49.60511275583162
439347743993a24a553d08a9,41.03302423286817
9742c0029cb73c5b32bf2105,35.55931004119068
870cdb302452a5afb56f02c0,37.27445526767679
32f596db1148ffdff3d19d96,40.575915507683604
c45a4ae91be728b9ca29fee7,34.209251074433126
a64e3cbb4aaf1b50e686c184,69.03058086681227
d2d8c17a5fc1ca11f8d5960e,66.54674575186478
fdcc4dbba87fad870afd492b,63.64003050701278
c077a60cdffe008550717171,17.290519776955673
5c611ceba27a9a2771dee5d5,58.89767763550798
652ceb2773017883da00ebb4,26.87929478446255
fd762939a9786d3a15a345f3,42.375246287924654
46d82d41b49bfa0b0d4ad78b,35.15172000923834
011dce80c71c4a6890f5a7c3,52.187294146084625
aac2fbd53877fdf36ddb54e3,26.84739545059373
7667df725e54acff7508ed91,29.69215632717994
b013b67910dae4314b4f640c,33.05591657642431
c6c8dac4046d61ceefafb048,37.66550937597298
4963a5d6caf4c69456b7f243,39.11849460334655
af5476f9a42480f83c986f7d,48.413091078646296
e29a04c4d298473e0d55d78a,45.12503369046792
32c70bbfd59b9a8c843bbaa9,48.87200876368455
34d23af17d63b9984b6d7b12,42.42674131881029
25936f4ede1e79c2c03ee416,57.41497801699035
6c444e2bd5198f53955179b2,27.458270288781744
ec9feb2d5748f42d96abc7cf,46.13444789393492
90b74936b88833e4cfc15dc1,53.9230471443873
2f84378329d02fc0e56f383c,49.794218001182394
1f179a9e9a91b59b1fbcd997,44.87161066440329
30da7f502e5c73b4456dc394,32.74267943852739
c9d7077486848abaae3a602a,48.40662040286997
efa0e8c851fe66d5cc973ad2,38.47904506790687
225991aa09d0de95cefefdbd,33.62040922519944
f00ce9a07628c2a13d117ac8,36.161600831081344
e41a303cc7339152d4897486,36.85870439885778
ca6e02a1bc19e9eefdd21a12,44.65544852383381
f36dce5963aebb3a5e252bb7,44.44912220348922
706873b6b91ea3bd44c86914,39.9607708321223
124aa9a91fe26886edc67d3f,47.351656951340395
b0bc626f91332d5e159f1a67,35.80504077813999
d874f1b0ff66041bdc6b9396,63.57916937449595
91224247ee73bf1131369bf8,24.258602919222774
01779ecc5bec15cd83c939fb,44.37653417061619
c8c80e92d162b3ff6d40374e,24.45492985415604
9966aa655c83c90b0be8ccb2,42.05437325941138
be42e9ec8db0b49edec3b68b,62.41570183951361
65412ebc99ebdba3864456f5,38.025720808276645
f111f3ab8c3d24650817a5b7,46.348307288661495
48a0c035b3cdb802e57a51e5,62.91371221087259
7e79bebb5a9e076356c30bc3,66.68440096980599
ca2bed91ade50f1f2e7615ae,45.572091644740574
6c486f0dbdbf6c01005b641c,49.37719721347618
ba8fb13cf749722f9fa04cfe,66.85811645173044
5b1dcf8d3ae610130308b34f,61.62615424287488
c801195b9c6414265c2a36eb,59.633702006314444
8bd4947693824fb6823b4f01,37.059867765653486
254831290bf563eb65066279,62.476560208961914
7f93ff8ee3ac7460ca62a172,16.65318824413769
11ec455ed32c0fc1525ecf05,43.56337262544142
b450641d38b5a96e2727ee28,41.978424477328495
b17620543d3fcbfe1889567e,51.00956570261974
b4ee6610af9f20395bf9f785,44.91614224479039
c6137e954b7ecfd277cd51cc,43.4680882006002
53b96930da37c6c42fb59761,47.96879130128966
ec0c884f33b3b15d301c6061,30.868996059012893
5a8ec1b3c23eb52ca6bc9d7b,70.70158177929912
a849ba38a2e8253498b5d4a6,71.2233989821016
311eb5b6c501a2c4269f3b52,34.846769751715364
741450d5fd842b27e4f4570f,52.40891098649787
0dbff48ddc8e61d306bf7912,67.12713869196088
71f75b85c082b23abdef843b,24.88711545301394
b001a5237a970b4c857e136d,55.88826548422822
79562e1561191073355b6a26,32.06191052958998
5b1c47aba4f0daad251e43b4,35.39514194385725
3902308367147e1491e82306,49.75291086817916
86df1696676dd6c560d36741,46.99717109463716
f3d3761e9a4be5cf80a4e51b,62.343981091467256
4a4bba2b5a90df03340fdca9,53.993336901170395
adcce27fd2db807c726cf994,60.12284199662902
7609027b96a4bed9d0cd736b,60.092615731820615
11285cbc5a4212cd4292e4da,71.39404535774403
eeb9223d010483167a40cecf,30.8587270076338
30b779bdb9e40d594f553883,43.50469391381641
b9ceed669c31ef5323571d77,45.39955545238143
00bd63befd0c2cf55fecbd01,38.232036454039054
4e5c33862bb031ac8c65c7df,23.814970729952304
c6e37d66cf0b7a6c9d749e75,45.16849407351921
b19bc9317bcfed65ed5de4bb,58.600066255423336
b60079213447dab82288b8d3,53.88833989388722
551d02246aa19ea78a41aab7,43.17608694532089
b30e17c9fefdef15a2cc8d8a,57.86669800507325
175ea7c8a56a396782627bc1,35.34315267351974
c80f42fb46e462351b84e4f3,43.298853083245895
3d8734a31f36062e94ce4b94,35.24041595966417
d595ce8de5fffea0745a34fa,34.310823347467434
37f6b4ed2abd5f3e9899698c,60.93307773146269
aeddd176d903434880365c2d,62.85259889712472
821f1bfebaae2fe0cff4fd77,68.9410025673494
bd35098c408b339a67a92b97,48.26845904198034
5303e70b33dc774f79205f61,61.929051767637375
45577ebcb870a55cfe1fd1eb,59.692440168392
dd5aa66bf3d4793aa5bade28,27.373986375777243
2a7d90db0bd848584043beb3,36.3870519694663
f04bb83a9ac6e4f0b7e7efff,39.189863338044006
0f2b1b1a0aac577e3110d380,41.1448777641874
3a3e4646c20e40b2b62af533,43.19766520305067
f27d902a27f312d1f4ff31a3,37.24513710338553
544f37cd26089b2e12aa987d,31.89686147061569
16495fd8b41889bd97fbae1a,50.94187193426726
d8a680fce0654c2933193d07,44.19943701353911
df49489032aba4006af3f138,54.24986697030218
41761902933f61a5d9b82f2d,29.184699522256818
8323d3034fe30fac818228a5,31.444081126117325
b4c2b6b1f3e9fa462b67ef0e,36.2236460779545
1c31b5ceeb92307b84d3f2bc,33.14517398110922
d954bcf24696d20cd2f4a7d5,62.58489868544593
d609aef37917ecceb6477ad5,46.38600001918597
29dc0f0223709226ede4dbef,42.044214229363426
c37f16f99ad362db98058444,32.01232381624588
1f4232e3d582ae72d3d44554,59.36595714618651
f82cfcac0b078d4d91d0aca6,70.56705547555349
19c0e0509bda98f9d8774b45,48.73767210328997
6c8745e4c1290ebed7e7319b,45.911888293845216
f695f722b8ecc28fa75c7954,46.35218792419013
4244dfd757d29598cfc6236d,65.32911585450526
1fd685e076bbe1e0ee85c98d,34.068098008423874
d428095eaa4bf48df5116aad,62.13467866225043
2d3f67f569a444318b85a4d7,40.284372804043734
38754817429609f4f58a5c44,48.387236068852296
8a76ccfa58fb34eec1d81b72,35.09288899094368
b4a4e28d680f9cd1856bdf95,36.40868388211343
26c4198e538a096f7382765c,35.47787679455581
58a79b11f120917feaefdec9,69.90287437939293
f5ff3b3949c05202ee7895f5,63.507213650269456
49e8e79dcb2e8a18e10a81ba,24.65905998399232
515fcc40a54ccb6209ed3406,54.42009208941436
a59a4c7d4bc8cb0eb6b09e58,52.930744840555505
c708f46e0f58f3ce0289772f,50.374945857272984
4ccabc8f42bad975c609a511,72.04662226185819
1ba4d04e63b8bf043bb8f54b,54.18880391139486
4fc53f8f4d7b86fbf1c70ad7,41.41060586056378
ff24601ee49a0141cc5e4141,44.240905773042975
4106eac3316ead98ce80c672,25.277372211258864
7a28d5cd74dfe15b4efc136c,44.78526869085878
ba90aa7797880189287ef776,38.81286031754759
e636fd26516a0fa3e5daca0f,58.205227996315955
a3f99194b8a3fc606fe184e8,31.221166092314295
ea7ba0911929048200730088,51.62367476631498
7db56d21348525e7424e91cc,73.52516639524362
4fd1e30449c591aa213c3d71,43.231094325949904
a7096f61473eac063f4647d3,44.83526619238285
1a5325855ae81e00bd456811,44.4055381863973
c76894dff225675809a95d75,25.98939716777056
53d5e570a163d2f023839a60,48.52548488959131
a84c71f7d3c2e5faa1185785,37.99467354052591
33a8ade05059a97bb0bf6ef8,34.5254219282886
3655bf1969466372f09bad9f,24.04875151701721
be8da91cdbc77c3e5e8b417a,42.788499360094576
c851f6587b5f03c215e42cd7,47.83037037406022
ce68ea22b29e54e512624575,40.692988144197344
07d243bc69fec6b370c885dc,33.39946594751061
57e1276d67accaef1b38266c,60.031753055325815
febc08c3a62d749e6b9d69e9,26.18745396527848
aab3bb14cf4be251a70151a8,48.08296953534752
03bcb5fcb8b316f87553da8b,30.02069580116832
96f4cbdd4d3c820cb23ec4b5,25.100069857178955
f388ee954bedb1faffd40339,50.88683755246976
1ecb2bce130033af19936aa9,46.39573915601224
98ddd13ebc9cd59ff4d1b865,55.72424199076747
f0152fbc1a6d49348863f677,42.04104244988842
a2ad8cb41bb795095f5356f3,40.95113611962726
7509f6d8b8bc5501f4fdfab0,65.20166648850434
db62901c19924d9407b56843,50.35891177394057
ba15348f8a2c960c66e09f00,36.76577280809086
1664e1b4a6723c590bca7e9c,50.954816352858565
592de62c27f1fdadc24339b3,65.80726728073613
0eff407254749571ef66db16,26.157701485265925
18456a5f09e2843e7fe6bde9,64.90944560515814
723d68d1451c6f99d7cf81f2,34.95631959493377
ad72c4ceeb0462378f78c04a,63.75652165212704
5b0f91c5b046f5acbda8b783,18.7098201063039
62961386792f2b1e04b49d0d,30.116197798914552
b80ed5ae2dd006e0d94bb98c,51.28901515630228
1394d2fe987092db97e05aef,22.166763483395542
6c02423942de0dee214b8740,33.27003006020672
b219b73f0f2c2591fe7ecf74,48.557613029488465
cfb29d97fd31fadb9557ffca,41.80492212475457
c42ff580d94b45bc8509f30d,57.38404905199592
1c5d759366fae72128557e3b,55.67641441010601
20be7e4ff598970f2caf7676,66.98571313944882
bb50a4b8fe01f3895183ca03,30.252154941777153
5c7e1545f76405b0992a365c,19.1990868609376
92d0d49b827d0e563c32d24c,25.87748055146005
99aec8c2bfbf7266b103fdd0,42.58919581163404
98fc04678ab57834ff938c4c,48.19722244859745
8ac6b45d17d6fbb51426683f,58.0959525725888
fd592c746d9c3068b51eb9c5,59.9501990482599
63c2bf915906afa1f241901a,29.100284019431026
434e6490aaef8ab3ff5cbbc5,32.97413854305434
c1778f83d14f24382fe1558a,36.60488525681268
5202b5c3e822b744b7245d11,48.910898928318375
65978354bd743a6131421dcd,45.0389391453061
ae298ad66262f456de7fe48f,39.5414475353519
66cbad84cd31f187a81f1cc5,39.87501954202879
64eb1e5255899c888d6e356a,48.80067131064202
60fa77d2e8361d3f7fad9305,42.68989411547913
e79ea177183b652ad31d31c1,38.02686698839906
23f1475f604d6f662ecdaa42,37.17368251281627
8639ea2f978498007128e8c2,32.89848819068985
c3374c1ee02839f6ccc571d8,55.12107307678235
3ecec2dee68aeb36ec9fbe2c,54.45202240696794
54462d5b8304a0c999174300,40.2480256880454
d66646f0f50b6375a22a8613,58.51076519866112
3ecdb8b2c5d94b81c1984538,27.879458788586867
bd18b5b6887018afd70f1f15,38.45891319884173
6c27602b7ba9d4f54ceb9e5d,31.26078066538003
372437690e0b7d35b41c2544,34.95655175085632
dc46f7ed117bf14af43d80da,67.58997936966244
0843b3dfdb7a2cd10baf9084,66.58350549119959
6f599f781fcef13762ad7f6f,26.821204845688477
b3623405c3f870379770a9c8,40.14030577451469
cb5abd20dcb657c4c03a1419,44.54836077758435
ffa9c439b1d6f05eb5bd1eb6,62.169337902320564
3581ca4f92a8a63b0c2b5fe4,66.74429447483735
390d847af38be6437a7f2c57,44.56833701335855
c43b196a56ea09b1e502008b,26.802680513575126
1410abbc6e4d182099147d1d,24.785727419295828
66ae532d229172189dbc6305,64.47024731839949
32874063b0e8ce5d39f212a0,45.552417107552216
0a01ea4ed560ae24f7c27806,40.38679427625878
01cd94a20e1a532eb4ce17ae,64.36576766494325
3019504694f3b7be1e0035e4,42.545419222817465
c621f82b9c30c653aabe50b6,36.16007274803036
dc3d7be0fbba3fcbff7acf3c,30.030360196990795
50e57f8f54a38506a5caec24,46.41461256131224
831a5919c4520d8751edc0c4,36.51109469021314
8cbe19b42a7d2da9afde677e,35.33859423111549
185f8e944c5e3eda1e1e2ce6,18.01144266544778
ee7aa9b088dbdec7aad25734,17.7698866666672
6aa6b1fdc22b8d1cea6eeb82,54.60460995440365
3a890352bd70720446ec8d8a,47.16996203723319
69b6f10449adc01b6c4def09,49.212550227401856
8ae7c102d59b50fe3266f93c,61.72756327619499
d33248103dafe169f0b926d3,41.04908923309834
109d088cdfb16b1e43d99347,43.8688434409029
2150d5d58b0f1c8eb23136bf,44.29728849964046
0b7e08bc0d01d70f0dc105fa,60.40879820247528
2b7b9f9c4f75e260596ba573,38.86431449194148
dec4e0b1f09e8559883af773,57.8340762528658
4602544942dfdff10fe6feb7,48.30916073928156
6b47ff204a92e6fa177c8ebc,54.36027064849705
f0f8aeac1b1eb9957d1e0ee6,35.96537312280309
b40f009da9662ae1d4ad2c34,26.70987403275008
496e0b2307f0c08ff953addc,67.09640555271679
92876cb004c199bef5fd2d93,37.928878224706075
a851ba43699bf3a08127ad19,73.92078437964453
8c39edec2d6a79a1fe2ce8fa,29.137471077164857
506114e8eddffc190899f553,27.47860467078438
4d530db5c0ba02b36d6ae83b,28.140877683941582
fb3abd5917d8df8786dd17b3,52.65225646542806
bc62d75eb132ba256aa1599b,61.47115324515005
65982cc4df61d546d1fbc096,43.42626809138779
58bc4ba8eb2adb37b712b4a2,61.8932292577237
a5e3e8433523271688c12a7c,44.36520373459682
62b380490f704050bdf46608,59.68509760305684
4af86b09e2e0c5ea276f0266,8.303898581742299
c983631db11536dd87fcba80,63.963624899361875
76ed9b06db421078a6466c71,36.237310175272476
c3cc35dc6755b7cfdbe20440,36.54287955511174
54a228209153f443ce1a4482,20.47581293865609
0078fb71f206712d54d6d867,47.166537782514666
0c8c1221fe5df9e3a3e3ccff,26.54025755839691
2c1751fad7c7749c3983605c,35.662415211510464
ce0b2203d7dee9ddbed680d8,46.00533973867739
af7792e2d14902ee4bd92496,39.09575726695239
6853589de3ce63cb413e2406,54.02672760184264
bfb3570457b080b6519efbf9,18.95225247105606
a19e380f57cb088cad6bda9d,15.92895340905771
db771bb5822b9bd809da854b,35.57240369629502
97e430790e6e13046a483bc5,35.86900625629331
3622d791c5039aa9fb473a34,42.331556695374196
72d2a2b005a006f0563ef8b7,16.018952685751536
e8b13c8a2556e1aa62feb5eb,28.200883264999103
4c75812582703e50c1ff0bb9,7.548468164067604
f8f557921f28ce0e6750ee6c,19.58880039973421
624dfccb3272d7367fd0887e,36.73782944420722
c89b285fce25cb5dde0522a3,45.654615400678665
0a7b47b5761797c2bd56ecfb,45.0581012695194
2e4470e6d6968f897576dedf,45.05029152038951
4b9326e8d224d1e9f8ead07a,15.124138590048368
c6383f73a5889a589f326812,26.08523542480765
63a5518c3086af0770c69279,35.77716008617141
b6373e08a32b5fc52ddba96c,59.12933163393209
50677b4123e7fce371f374aa,33.70273881063146
acb7132cce7148dc3fbe7358,41.53407310965272
05f3c5af53bd0c2ab6f30e97,19.480990969098563
3c87c17680e9c41fa661e92f,39.40935482680964
27b02737d14592345cc83b19,33.22214336694046
e9507424d6087def081a178f,27.280516997162824
ef27473b7f0ea1d469908001,30.18415898546531
fdf7c9625d05a117ac2d8d75,44.52561289349039
e5ab1f232dd89ca547cebb04,67.29250654941326
68ae06af6629a800df0bbf4a,47.14596632744825
a4a1a4b878d26b0eb6bc4faf,52.48016005746435
38f78774a10e0a7ef1756609,41.26058319882682
42181f4d066426c9d2c1db84,64.46200064869856
497fdb43774a8f96f4e411d1,60.43246879277307
9ac80de78ca3b802a11bf601,49.005182908882375
1f0f03a35e6b40386d2a92af,58.47140029464519
d5cd0f6363ad3a9aaa59e6a0,51.07631219304283
8b714d78c887cd61cf8e91ab,55.49519539403218
120cbefc127d9925d629ace2,37.90963877703512
a58368619b21ab0867e13a45,34.160816903196256
bf57ec1524706bf31a5eab90,39.22618661470396
2dd5fbe6839b72b15eccee49,39.73924971276534
8c13e95e4b7611e84404ea62,37.67927309813036
2abea0ec425aac6a0ef9001f,56.671880298612756
27ca76a40619759d94ea6213,38.7896043650783
42891d2f6cb04ce657ebc398,30.805893117730083
8b081bee5ca178336ebac07a,42.85640217791658
24fdce9795490665d408523f,32.833874662397754
ef1e4066a10733e533a981d1,61.62147269822526
96d02e05fceafe8abcbaea18,40.50494502155486
02d82a9ce99d82b55c409e35,59.471247434215464
023814ee2f4ff2ccfa0e574d,29.56011470378042
5b028224f53ccde5f44340f9,69.71137782596634
6c02a7829173744481a27c51,46.09362206936917
182568d49498f398d2a327b0,21.17470851675955
4753f7a7cff27f012eb45dde,35.40350485430279
2e75f9c0c970c5ff25125e71,69.32837468296451
f540aa27c517c3fe4f2a28f7,55.016105738611834
19e8207c08d027ce980429a9,33.333652408345756
6682c89a549cf8417850a1a0,35.814720362377145
b320babc929275955a1293ff,33.173266935193695
bb4e49ef02bfaaf20b692120,41.452449783479835
41e48fa92c4d7b8021753b91,51.44212927039107
d69c55f4c35d84dcccd7f9ec,38.47763426891371
27946d1ff5f2b7e98bb84830,62.06332464767475
38c139f3cc0e98281687751a,37.75633457727888
1c438c2ec39d77655740cc40,70.07092978684166
6fd34026b5777c31b8bf2059,42.05926837447341
60cc9fa096f97d80a2fdc4f2,42.36229643179293
96a7565b49da596ede3d3a93,39.7483431885725
6af7a8fca532ac2d53371489,46.782070663828925
955c007227b410ace8f67a41,42.948765716091
2f2e7239bf99b9f7ce166a31,44.579770329210376
e2f2bab252c676668838f745,60.058095459533625
0a2ec2c9670bdb6d180b2e4f,33.16853465833505
6fcfa2aee3c032d1312408d1,55.38265660753943
56ce5fa3bb50e18ae21f8b36,48.92283390006414
8e805f29c1fd9c171ef3bf53,38.592208373792566
be669a0636b4d7a8731ec691,44.18824732351003
31db08922be71ab230427aee,57.27624569147001
a843b374a8038fe6906d214b,58.24849174716455
03482b95674d44c66875c94c,63.498813850661506
1a0e7112aee3ae9d90311d35,60.07067258870212
3b0bb07731125a378527683c,30.98419567905976
6e60fc745eb999aeeac3bead,32.212562747214164
9b9d86c61a95dadab87dca61,37.276332711844525
819c4751e6bff6024bbfefd8,63.14564365951824
ca733b496b18ddffc534b304,30.24311139607992
b7b2a5a555cf690ec8db1178,41.3553927666376
664a65b50ea0efa24686b45a,27.740028331401913
4fc0ba87be06dfcdb884881b,51.1945324883227
5d4b266efbc000c73f764246,52.76671926525011
92baec9f313e822554302434,25.82765651489783
95cc5381813beb3f8de1bb4c,34.77130034055462
22e5c4e689cf5cca27c2294e,64.16350371752515
4a78e620354270b03aba5591,48.75722485830622
a17e25d03774dfa4c4b3e498,41.23513782963686
1a0919414dded19ca0f02be6,35.599686392414206
2af9f2b0156ca33b057e5714,52.76237301324908
390859648c88a11b17e36004,23.12602396804108
77258b3a35f31745be664cc3,37.80677282737716
eb29e92200ea4d0e07c7f4c5,32.54726535206829
767d797a2dff4a1545a9d377,49.86951461479857
70238972f5083208fc6cef67,52.30211785148483
26c0b24411f215e7aeb9c69e,45.013726134223944
41f674f2a3ffda379ce00a29,45.67820390683179
14794d2dbfbbb2f565714969,54.15223993104958
31f50e58b076189c865aa056,58.84672510013788
209107a22844166e1d036caf,42.07843642490958
c59ff2ea174ff7d016655e76,61.23669524052516
7dedec5363d1adc76d9d65b2,39.41740112641767
5f5b04bba330454ce86009a8,41.37565126598325
b4492c50a0d9ef5100e17e71,48.09594965815963
909c2bb2ce2945126cc498f8,41.288758448239804
979b83adfd699a4427350edf,60.38476219321062
3b869503253be8846714f019,47.908305578697664
eabac225a870ebcccf632d3e,32.84026796400038
784943555bd50a56404dd61f,27.801822990286873
d52db25c4a81056468d940af,68.01783385961865
e03a8f820d8bca5d4b484f89,66.39486558607166
772bef0500993a9c88c24ffc,71.15938062844097
2a27fed887ee2de6606bc46b,29.229499994941236
8c09feb89710415f0e49d365,30.831177054401905
c15211f0f0900733d1adb0f9,70.45102044418216
0b72d515f8b49a872ed07c89,35.97833377413809
6ea5d9248f0ba71562bd1abc,72.89789226260858
d3de0d1fdb4b14b1c7d520ea,47.16105963139361
8a21411fac8399d23fa7f23a,71.40374229959627
34f64e250138d860159cf702,44.50877748369594
aedb38dc7b3ea6ec5aa8d9d0,45.29457218079534
ec008630e1ea2d5595a03cc7,51.21054842929305
ef22d19a62ace00edfa1db8f,45.18145458697885
4cb09e1a17ce8059ac6ff4a0,42.640770181267996
59df1016392bcea721b2d4d3,39.50274535908737
0c0d0b7a9d61c5dfd1c25994,55.707458434976886
86dd340f4fdf1ee683bd7613,54.98795276537418
6654116bd7d57a7a85fdb604,26.665429397562065
c982a72d385cbc4e105ff7a3,61.91906994028721
1e504f8f4c2f5177b7186dd8,28.517441177765235
af22f0e29d0697ccb35af141,49.550111748494345
9e62f21073ba25aa77ea36da,37.99468802361315
271874c8ba588f5f76f75689,61.97540457248043
ccc1f7cf83312ace593e131e,61.777022323436
3281e522251c85bbe2087a30,64.14580492319669
8ae0d21b8c28fc8c133feaa7,42.85230493054767
8a543397b7463dde1422ecc2,44.93469800349061
b3eb9cb80a11cd0f77619c58,45.38823161202168
e9e366364f617591ae5ef17f,54.604583621007436
da0fb3e410726c49df5d217d,55.81370162669855
7805031deda680c31ba16e2d,19.84229804168408
4875d572be0578ed7667a109,18.53564021563609
37ae69f503fa3638dc535f7c,29.02540961495556
332f96b9e8a97e058abb6c59,69.95908464906859
d9670565258501614644adff,30.33597616357472
597d92fbad17d823baf936e6,38.39154210542612
b979df19702949389d848214,76.13641466311954
ac2940557c66cfc9ff80eb07,37.85353268340586
f0822a3ed75eb00bac44ecd7,53.23518998917329
5fa094818fcf5ea827f2772b,47.32215256148932
4eb1059dec983bd32edf058b,42.40704353356535
c0c6d3d4816b9d664e3a08fe,38.03552180318103
4febd5610f4f67591b4f5d9f,47.20188491598296
e0dbbdd43d499c876eee4edc,66.4115661053723
469a51d7e474c0d049261e64,41.90920975198135
df856bb3a31f4662456c2ee3,47.23474151271914
65d7782e2d4ec1d379c77587,25.710366067954443
7b76d9542bbe9f032430740d,52.81642589801193
39bb0a21840a42f421ec4e0c,46.89309622585859
39aeb8010e5a2f54d900dbd9,27.42893263811467
633f1acd90c9784586845af5,32.675441612594675
e0ee613d353287618d2fd6d6,59.985380733407574
586f58cce4eedf0d366689bb,62.116968286068506
94f3351920774c65749d9e37,60.51574614611859
7eb7ac825db1cce14129fc46,49.63037971534624
ef53199ebc462ac3be97d894,35.49976778576811
6ffd76b172aa96b24df3ebc8,44.65471833163238
132c1ad90638ccb7c45c4e2d,40.704008895180245
ec0116ece6032ae1cd01157c,58.0119557290407
631dc95d07390fd4c7996bc0,36.928845870397176
67783597a7680f9ea9002e0d,35.08739442904067
d643d3fcc80615d58905dff5,44.51493033248638
97c880f4870ad1eaf8ba0085,23.56020895665944
521ffadaa2dd399067c6af46,27.251052105720284
68aa809a8869c33433e02997,67.90663167523336
6ccaa4c4e2dd7a252e3de2d0,58.44702251842184
c487a2058ef28dbbff2bb963,43.222932759589995
e492ac86e1a9ecf8649ada55,32.77714123358726
da28ac18ea96a07a4ae4a93f,20.325384378248675
162225aa1714a5b42a7b0148,38.920513664062334
1b7ec672744ab0eacc719ee7,36.11669617874077
eb6515aa3b396c5e6fa819a2,43.37509148862402
9c810705096103db1f7fb88e,15.925504733853693
66aca0dea90048db92c653f2,33.974358519724866
3cda5fe68f410173a171c27f,45.37484123941897
11f625026556caf49ef8bf55,43.063223676565
5df204d898fee64bc390703b,59.19611032331697
c55b22a8abacae2bc8456975,76.01867445129034
5e1d2ad12008a4c7433f5d0d,30.16662998499809
d3fe6389dccb4c9a2454efdc,35.343607258367854
591a8c92b297bcb4b441f476,28.73943654338894
9eb0174e927e2c105db99323,45.539265098515294
3fbd5a332e7b486610c522c9,50.839268485342245
d7bc7fc3cc7b85ccb51deaf5,45.36078580961559
0f5e5e0b651b65c82f62d208,51.89791981274167
b54ddd797c61c0d037abae85,41.84256614393022
a222bd3faceddfabd3d520da,51.24131876026951
8bf42b80471a82c7261bce2b,48.470655259833336
b7d29f81289bf0abed7a2807,37.6159560131024
e361cecdd637c6a3d24e386a,52.26543031535295
cde4032faa3f585db6b3d89a,29.280765291086205
9a5c27991314111096ed8343,52.85760403608353
cfeaa972433e7e0b53ec8703,61.85207848382423
57434d93e022e5dbccd06c4c,35.7132074136336
f3c57c6e8d730dba9dda188e,28.870048536707934
4133b6f2096a92a2f534b379,62.6114183892336
3e8640ee0cc60bd00dc48255,53.77216082135082
e8fcdef15f0ef7e0175da8f9,43.19593652067152
99f213109212c63c1537df59,33.188741456705564
204fe6d5eba6a67e034e7f65,27.71308948797597
0f27f645b9d9abb8322722c9,34.7100115901899
d1345c13d60e27ed498df646,71.70451446582004
b6f43eebe43e92bb9e359780,54.28551418033792
36c7f3647271e5ab65ac149b,42.32176848858741
e817c0b38615ccb82e17b24d,34.86821645090539
c6660001427a7fc43418451a,35.08787643066106
93cdb9c6cef789b0aec84029,42.56691215935516
38ecce71f423c4efd46a98a1,60.93467086217419
09b6121b0518041492750f88,72.07735830985004
d7dfafe6281330179253c30b,57.70649431762189
807df976c56ae57a1dc040aa,61.23362723153078
845fa15c2938520ada7ecefb,25.737973036418968
e2181bf394771391ef19dd98,70.46816518681487
8a84d0aa5ab142c234389fa8,47.86615997108536
b1fdcd9e6eace710bb903db8,24.753427734706918
527e8c4b344fc3e4fa63a944,37.771543113428464
d5297a914f73bccee0df50e8,55.65691492948841
eb4256b76cbc8f0029f02781,32.63333388592413
ce1c171c92368e3900e3cc9d,28.01434646716709
a1859f58a12446d3483b9638,45.88369086458893
56a227ed2f019e8582e7626c,38.97388030366347
1de8f8c946c0fe09ca305059,54.89681014371924
90a4b1e4adba3aedf1076909,66.69256357348807
b99f38eab1e0174d1ba5b954,39.99819419444453
b8718e5349088aa8ce235534,18.25915646688117
5831b41126080745d6b8d52f,39.39001218174363
f01103382f65792ff7c86867,30.94797961833076
7b8899c24671bd626765da8c,45.60699316530974
24c651cbb80e85f7a23c59f1,37.90755549447398
22d0036ff89b4ab232831906,22.58664601664829
61fdb2a1a1a4a57850e084e1,24.27614603275689
2b25f036b789b9403ab14ba3,23.47711055239721
4295f08b0dcc195699a41789,39.548168889055354
9b6ea17c2311e251b36f6586,35.111963184990834
d9e5a841afe26664b242d9e6,57.21069300602636
001c6ec05c511f950ef9c0a5,30.98231037107258
0e1a079f38c984f90329da7d,52.09926229738974
37b8829126f2f32369f377c2,42.380138202882236
82de3bcec3c75f2d80d56dd9,69.80629059452232
039ef27a488701e865d45bdc,48.693346638006815
0dc38cc3401eac6cd43c3174,55.70246089278152
d1197628f696952cdc66a7ad,37.388323994535206
ee73c3ea1ba67409f75e6df0,30.7890825389812
b537b2949651cefd9605e1d1,29.170063597542367
e6c4a40ddd0b5af6b17515cd,19.708343303442053
abfdc9b5a4eadf2c4493fe1b,40.22245999936551
e41fe005238205faa5478110,50.59095337990321
bb6a34caedc70dcbbba4f5de,32.60358026559028
35d14947ba09befa016f5727,55.78706922126747
e1d5d355803b10abe3300d28,54.631380388417696
df9bcba4ca4cfe269ecf9768,52.9215173773323
96c14d5a47928e49910312b6,54.03158054772043
e1b14dcb482f26483b075e9c,32.47249210767239
f63d69fe641b205527a8cb25,7.35384795801547
42221386f560fadd1ad4da8f,38.35033097822618
77e9326f6227f063645f03a0,30.308345775103014
d819b0f418276216c9d0c908,26.40073095008662
76781b25c8f4e3c5ede3955e,61.3386385462954
8c4a60223f57048934a32c52,30.026298828312804
74a89eec2ab8d242fe922e88,29.268799476929626
4bdede27cbbb5ab673d4feb3,74.98001179096028
dd665aaf79c6c79651b7594f,46.965857725192144
63d6ae0c3c62c48aa5a33ed1,66.71629692256036
fde9323fa180350d077d64a5,46.64626315222702
6af739cee29e955da2566108,61.63731808707541
8fdaf0baf48dcc2836764866,45.251673258331024
195fede35953df7b791a0046,63.39107973028342
3b5b31d6af7701fe29c42e7c,47.77302662355639
6c62f0765deb5980f7ac4dbe,62.3129047336771
f2cb103ec14a502f6c2f0128,64.27401516924041
0879b29247ec26313415deae,45.210822608621
af0de597f4124c38d5fe2b07,42.08084952046332
8eaba2d0e45834a43f3b53b8,57.7034173949817
05715c14634fd817ccd2c82d,51.57013479685935
2f210ab3e79e045300fff272,34.969330242268605
1cb873f3c5963d42404151fe,39.86945022285751
28be91115c240c56eaee1e9e,49.70755211260723
baba842ae3bc583b4fa53c06,38.21160197126972
74afab5485122a843238826e,36.206435288142714
748fcbd2b91428134521b8ec,54.19477807093841
f6cd56b3ebd8febe1516efa3,37.017836786436945
5f6acff5c10fc6db9f764c2b,38.74954012233449
db05cda35629846e4a408560,29.785122469412496
4addb2b393dd749953b72283,17.180833505733546
6c4dd5ac247b554fad3de13e,34.490568960745144
106db702799c80a0fe6a8c21,37.40004606491681
d78854898f219b62580242a7,34.91842012249137
d06610a1c04b4e358088159b,53.992978121936154
4e5c11a052118a1ff3a33775,34.8105834306607
47e205ea277bdb0ee2fe0469,44.78342044693009
333b9d9cdbd2d6ba4989edfe,60.68614483072089
84fec9e27acc86c1fe9a87d8,59.57900634972461
04cdc1de82c87da473ccff03,46.48951812386328
3926d92365032a7760bf38be,37.46936019246484
cff2cf53b3fb694c111857c6,43.62619862913981
0e280d7a87413e88fd11ba30,42.119674682715555
2b637d619f74bc65068e3251,64.70546314059568
b08400358e9f67fa82e463c6,53.68745030662248
821bdd5e3059e35ac4f119cc,27.144940133656814
1ad219936854e9c8ac853596,25.564421331136217
0e33726d21adf899d1b33281,54.92081752721316
b737ce219901378406b8f04c,63.69398797981031
e0599eb8de8284d7fdbb780e,48.33413871164253
0dee2ee3cfd7f874cc1af7ee,68.01164137972481
9e5f85dd9d50a7f72b40e559,41.037179134661486
9a6f43541751ed2125bcf28b,47.34532947214516
4b0b31fc852334a52721741c,39.50364983771166
920aaf8a022adecf81f4bf9f,38.4870412838505
f6873d261d07be17027c1058,14.270397838313446
9bf83d250e777108833c35d9,54.01733297368285
da935ae16625f5c42975f4b6,49.614743315633696
9090c6e0ea12242dcecbc5ff,66.23749299602437
8b96430c857845d32a6f73c6,42.05595554481968
8f536b9de0255512a0b16a72,46.69519949663512
a45adbee4858116d6379a752,23.058916982524224
6c8d1ebdb08bad6e490ee4be,50.707214832698746
5c8e5f2f8d88eb5310f9e3ee,36.41313960236517
dacbd26ae78fedb7509ec45c,40.53608636183624
ea8fb73aa4090caec33e12bf,47.59736963789264
b9c20c598a34572cbbf36514,32.968197813436994
9f3266725042f0937cedb043,58.624469019322476
0bcfe29cc1da37be9ec626e5,40.97499561094305
ebcd50c0fc9132cbea552726,43.08841886968476
07fcfdabf2d8eb998b772976,72.43568025721031
5ad4f6c5d7f105fb7ac79aea,33.293218220374705
fa2d9da3b75aa83b63c12810,44.396420377076815
5167733d548cb150d91bb19b,29.126151339153296
7a61a7c58f66e8e383493988,27.125776647326838
59020fec3a757558d966928e,59.51079746174503
b8e2ad3bf5eec63a905f63cf,45.138907632711756
08e5f935890e02c55c4bc3b4,45.536380474551514
ab2e60f3dace09d6c287b65f,61.60903911728221
1b23a6a36de042ae78822f15,65.4335545591775
39bbb456447d4e07f7846db3,25.103822508846136
82a8e105ad05b17062b5fe98,64.19508097963212
69a4d666e213c37864ade5a4,38.06227842161008
64161e153c802c5bc5382e0b,34.428853216379416
27b4a94d7cbe25aa20a5d042,43.47822382240098
79d28830599ac1b2244352b4,55.2038974151974
9dcddc8eec4daff504042b7d,34.57098557961963
7a4475a954763f22c8468130,63.40837619581465
6f3369b3260bbc66fc733f22,66.51152894464497
5456da9cbe097a93dc920e1a,53.75828057923351
51b0cc93001a7a623c7b0fcb,23.022692171364877
a90756718f36f0f5eca12843,56.3727214779619
9ddb5a1c48c0c76fff350b3b,29.213867785638957
ad27e93c732a3205db79925f,30.73396148078096
f3639e4ca2ce41c27a06c58e,59.43245299901263
feb4940aa2ac65e3d97d04f9,42.32062838226727
6221dc34f0cd172c77ebe657,39.69102342054761
39fb133aafe97653f41b582e,34.776873432198045
066d7a66487bbe4007641b91,41.59984052146994
c7f771f0becc601052fbb639,36.481195597120106
14fcc6d526036324d19008ba,35.982614126073514
7b3dee87bc804b91fa46d671,6.553876293429193
eaf8d2e340802f31ecc38c95,29.68333142818478
690e9b3e8a444d31a507d784,32.08653311776275
2293c4a3485f7eb98ec35b2e,58.482257814987854
51d8a3ce4c42fe0981f216e8,60.79909017782701
d0d91bc90d8664302748dd44,26.575881376412948
34133fb60133a4a80be49522,39.3469148724527
d103eb3bd1a0b2f639271bad,58.872411911936865
dd5d001a89108b84935608e5,67.35087866404959
e6a56bf28beb940ada69b03b,31.534655474565284
9fcf9b371410bedd0a9a82c2,48.6425130794136
5ffae5879de704c1f48f1e99,35.803065996359386
bc902cdc19cbf99688a44d94,52.332606850908164
f78ed44cfc32505dd3b9bdc3,40.79099586492307
2d33e1c846c9f65151cb57a1,58.12194166970915
4d1a9a57e32c5fa119b68e14,43.091571031935466
683dda06b54ddd49b1bd13c9,40.83709967097614
997cf23106fa27d51e6148e0,49.525040300755165
ac8de59bc4c5950252a5cec4,31.992736417481716
e55461a2a74bde68dcea496b,27.10438239820065
a16a5de650541d7d20572fdf,1.948564669615191
7ab03305d837029f31d6092e,14.414172691853793
a9ceb70a94766d89d96cd057,34.146110783615455
2202822bf10f1c9457aa0c65,60.96014167130463
26479b3817b446cf2b18cb3b,41.748590497023216
69d8121827603daa9f8330aa,30.562579221435175
c4c25c1e8f3c9891384a3ed8,40.19776737977096
63cd1d7ac4268fc48af7beb5,51.55766534250909
e802988eda7e95fca4fd9d6b,35.697713741211814
f23988135b1da28575d28e88,43.41004871350485
fda4996a5f80073999c613aa,42.86535897115851
14d44106cf0929ed29e7570b,50.24614789695527
b5fede65f9bd611cd0b33195,39.30630446583893
50c73cdb3b55ddbb14a6c398,44.122265604340285
6481e8b1a95ce5637fe8c6eb,61.70466382447695
8da35a7ddf1a4b45f9311214,63.139210003635114
d8e2a5f3af6ceb2d3ef79993,41.83287571771589
bd77c6856904114cd539cc06,58.80560923585127
4e7f2f9d5b6923a14aec58fa,62.81441384489574
78e3964bccd8f2a2a89105f2,25.15808193889735
0148983479ac80f081f9550d,53.570010310823704
4f4b843728acd702f9d7d65f,24.079164888176344
1f3f74601ad1e6311673c94e,48.39934144881519
7c6c78a721404e3e7ffef25e,57.82402698120764
b463a0c0fe192f90a06bd733,24.23544308095321
40d7e4ee08f7b8e630d023d5,42.05012483855763
724ddee5e1ac6e88db81142b,22.87147447837173
bd3b5d8dd50f356f4a273213,32.93760522300986
3f4110e5e5177c3c4da5ccc8,27.202819463798914
2b041fa3ae9fc01fdae9a13a,37.166162031712936
33b3320798bbed60b66cbf4e,45.298711669462406
20d9270a56b06ae0a36116f4,32.19841474960755
1f11527688c4749522271e32,30.775716155004208
8d38c3e46583aca598c4b740,33.41720449337763
88d81cd546bdc982964755b9,58.06766524258407
930a2797aae24e89c402430a,34.89485811288412
8e7c75ca308dfb4194b4910e,36.681944393300626
6f450d11abd1a47f51393da8,43.4550986585321
5632e2630e7c78c12ccdd25b,54.50135066592801
baacfdec06fcfed3c9bbd73a,46.52553649355308
bb6c71cf2c47944c9acbf08a,36.07913656090262
5b15cd029fe6b0052bc8a6b6,42.777448789018294
ca82e7d785b5a07021b8f9df,51.42607933763042
0859c6e51b2407ef4feca76e,62.48139858825412
4c4bbead2410e3cb0cd484c0,21.271412858457104
ab84cf4e9698e09ebc775d75,68.1895978086384
2838a2eedb0f6ebe27af31d4,38.44273944648441
04b51d3f68bffbbf1bd181a3,47.54518830307832
68d9342df31c9ace7498f453,64.98206027250153
757793bd16610679a0577f16,27.15874696650547
741335493b2d3f5715699900,61.72393999814008
e08f8f94bb4731015891cf4d,45.49156719741897
ab6b2d914a6474439c48543f,46.759802182781804
4a833d3214d28e112a7c125e,41.385503954109154
c7a93a866710574a09e826ae,36.59417163478331
860e58e6b28ac6c5aee13ae4,58.67456655734477
7e76b4c8bda331fd0813de1a,34.2301511529077
95e95f70195ae8f760341981,38.53112597077603
bfd48b7595816d068a33d4bf,32.79681567891429
6117ec86e3ec8a7df07f8c67,42.32121745468285
d380046364d2a78c426946f6,36.80821624027069
743e0e61a4b31c338a1bde76,35.02668712871674
682a83eccbccb1a1200116cf,42.068474803643895
ea42e786218ee31a28584b97,31.057783972256885
e03a7e850a60dc4f5ad98421,28.068650025993865
c89933ecf1a96dc5989b92ec,42.47474261790722
fcb332c8b8c21c44d4f346f8,48.9629052436548
7522bcb1411332d77bc188e2,62.56510951693417
b9d8e2c89a28a3df10800277,65.04806854834047
bfaa3db92054083ba808ba6c,65.85888610275606
a207c2e8254a7046a940c11c,24.796498431569145
562ea599d0b3e8ae191f741d,58.906019738498486
fa4d97b1907ce90407ee87b9,36.808950823667686
ec5ca82654a252fd1c673531,45.34158763447336
6fd06b828c785b77e19dfdcb,53.74829662186924
5965000d1139d388ebcded80,48.36729883635269
